f4001-m.jpg	KL.NE1.155-m.pgm	m4021-m.jpg	m4048-m.jpg	MK.NE2.114-m.pgm
f4003-m.jpg	KL.NE2.156-m.pgm	m4021s-m.jpg	m4061s-m.jpg	MK.NE3.115-m.pgm
f4004-m.jpg	KL.NE3.157-m.pgm	m4025-m.jpg	m4062-m.jpg	TM.NE1.177-m.pgm
f4005-m.jpg	KM.NE1.1-m.pgm	m4026-m.jpg	m4062s-m.jpg	TM.NE2.178-m.pgm
f4007_1-m.jpg	KM.NE2.2-m.pgm	m4027-m.jpg	m4063-m.jpg	TM.NE3.179-m.pgm
f4007_2-m.jpg	KM.NE3.3-m.pgm	m4028-m.jpg	m4067-m.jpg	UY.NE1.134-m.pgm
f4008-m.jpg	KR.NE2.72-m.pgm	m4028s-m.jpg	m4072-m.jpg	UY.NE2.135-m.pgm
f4009s-m.jpg	m4001-m.jpg	m4029-m.jpg	m4073-m.jpg	UY.NE3.136-m.pgm
f4011-m.jpg	m4004-m.jpg	m4031-m.jpg	m4073s-m.jpg	webcam-1.jpg
f4016-m.jpg	m4006-m.jpg	m4031s-m.jpg	m4074a-m.jpg	webcam-4.jpg
f4017-m.jpg	m4011-m.jpg	m4034-m.jpg	m4074-m.jpg	webcam-6.jpg
f4018s-m.jpg	m4017-m.jpg	m4034s-m.jpg	m4075-m.jpg	webcam-7.jpg
f4021-m.jpg	m4017s-m.jpg	m4037s-m.jpg	m4076-m.jpg	YM.NE1.49-m.pgm
f4026-m.jpg	m4018-m.jpg	m4042-m.jpg	m4076s-m.jpg	YM.NE2.50-m.pgm
f4027-m.jpg	m4018s-m.jpg	m4043a-m.jpg	m4077-m.jpg	YM.NE3.51-m.pgm
f4029-m.jpg	m4019-2-m.jpg	m4043-m.jpg	m4077s-m.jpg
f4030-m.jpg	m4020-m.jpg	m4043s-m.jpg	MK.NE1.113-m.pgm
