f4001s-m.jpg	file0081-m.jpg	file1086-m.jpg	m4011s-m.jpg	UY.HA2.138-m.pgm
f4003s-m.jpg	file0093-m.jpg	file1091-m.jpg	m4042s-m.jpg	UY.HA3.139-m.pgm
f4004s-m.jpg	file0098-m.jpg	KA.HA1.29-m.pgm	m4074s-m.jpg	webcam-0.jpg
f4005s-m.jpg	file0099-m.jpg	KA.HA2.30-m.pgm	MK.HA1.116-m.pgm	webcam-2.jpg
f4006s-m.jpg	file0100-m.jpg	KL.HA1.158-m.pgm	MK.HA2.117-m.pgm	webcam-3.jpg
f4010s-m.jpg	file0112-m.jpg	KL.HA2.159-m.pgm	MK.HA3.118-m.pgm	webcam-5.jpg
f4021s-m.jpg	file0177-m.jpg	KL.HA3.160-m.pgm	NA.HA1.202-m.pgm	webcam-8.jpg
f4030s-m.jpg	file0202-m.jpg	KM.HA1.4-m.pgm	NA.HA2.203-m.pgm	webcam-9.jpg
file0006-m.jpg	file0225-m.jpg	KM.HA2.5-m.pgm	NM.HA1.95-m.pgm	YM.HA1.52-m.pgm
file0013-m.jpg	file0390-m.jpg	KM.HA3.6-m.pgm	NM.HA2.96-m.pgm	YM.HA2.53-m.pgm
file0014-m.jpg	file0449-m.jpg	KM.HA4.7-m.pgm	NM.HA3.97-m.pgm	YM.HA3.54-m.pgm
file0017-m.jpg	file0610-m.jpg	KR.HA1.74-m.pgm	TM.HA1.180-m.pgm
file0044-m.jpg	file0813-m.jpg	KR.HA2.75-m.pgm	TM.HA2.181-m.pgm
file0076-m.jpg	file0938-m.jpg	m4001s-m.jpg	TM.HA3.182-m.pgm
file0077-m.jpg	file1064-m.jpg	m4006s-m.jpg	UY.HA1.137-m.pgm

